bits,seed,algorithm,n,success,runtime_seconds,iteration_count,gcd_calls,modular_multiplies
16,0,trial_division,31553,True,1.5e-05,48,0,46
16,0,pollard_rho,31553,True,2.8e-05,31,12,131
16,0,pollard_pm1,31553,False,0.000362,50,1,497
16,0,ecm,31553,True,0.000467,253,4,2918
16,1,trial_division,31459,True,7e-06,56,0,54
16,1,pollard_rho,31459,True,9e-06,7,3,28
16,1,pollard_pm1,31459,False,0.000337,50,1,497
16,1,ecm,31459,True,0.000452,242,3,2792
16,2,trial_division,22499,True,6e-06,51,0,49
16,2,pollard_rho,22499,True,7e-06,7,3,28
16,2,pollard_pm1,22499,False,0.000325,50,1,497
16,2,ecm,22499,True,0.000451,242,3,2792
16,3,trial_division,20989,True,5e-06,48,0,46
16,3,pollard_rho,20989,True,7e-06,7,3,28
16,3,pollard_pm1,20989,False,0.000337,50,1,497
16,3,ecm,20989,True,0.00539,14309,1233,163794
16,4,trial_division,57479,True,7e-06,78,0,76
16,4,pollard_rho,57479,True,1.7e-05,31,7,126
16,4,pollard_pm1,57479,False,0.000342,50,1,497
16,4,ecm,57479,True,0.000445,242,3,2792
16,5,trial_division,46513,True,6e-06,66,0,64
16,5,pollard_rho,46513,True,1e-05,15,4,60
16,5,pollard_pm1,46513,False,0.000334,50,1,497
16,5,ecm,46513,True,0.005312,14309,1233,163794
16,6,trial_division,31439,True,5e-06,51,0,49
16,6,pollard_rho,31439,True,7e-06,7,3,28
16,6,pollard_pm1,31439,False,0.00032,50,1,497
16,6,ecm,31439,True,0.005322,14309,1233,163794
16,7,trial_division,35237,True,6e-06,57,0,55
16,7,pollard_rho,35237,True,7e-06,7,4,29
16,7,pollard_pm1,35237,False,0.000321,50,1,497
16,7,ecm,35237,True,0.005479,14297,1232,163657
16,8,trial_division,40363,True,8e-06,62,0,60
16,8,pollard_rho,40363,True,1.2e-05,15,6,62
16,8,pollard_pm1,40363,False,0.000326,50,1,497
16,8,ecm,40363,True,0.000425,230,2,2655
16,9,trial_division,35011,True,6e-06,54,0,52
16,9,pollard_rho,35011,True,6e-06,7,3,28
16,9,pollard_pm1,35011,False,0.000323,50,1,497
16,9,ecm,35011,True,0.000429,242,3,2792
16,10,trial_division,34387,True,5e-06,47,0,45
16,10,pollard_rho,34387,True,1.2e-05,31,6,125
16,10,pollard_pm1,34387,False,0.000331,50,1,497
16,10,ecm,34387,True,0.000424,242,3,2792
16,11,trial_division,26069,True,5e-06,45,0,43
16,11,pollard_rho,26069,True,6e-06,7,3,28
16,11,pollard_pm1,26069,False,0.00032,50,1,497
16,11,ecm,26069,True,0.000413,230,2,2655
16,12,trial_division,25807,True,5e-06,45,0,43
16,12,pollard_rho,25807,True,6e-06,7,6,31
16,12,pollard_pm1,25807,False,0.000319,50,1,497
16,12,ecm,25807,True,0.000425,242,3,2792
16,13,trial_division,52891,True,6e-06,77,0,75
16,13,pollard_rho,52891,True,9e-06,15,4,60
16,13,pollard_pm1,52891,False,0.000327,50,1,497
16,13,ecm,52891,True,0.000321,0,1,0
16,14,trial_division,28103,True,5e-06,54,0,52
16,14,pollard_rho,28103,True,6e-06,7,3,28
16,14,pollard_pm1,28103,False,0.000325,50,1,497
16,14,ecm,28103,True,0.000423,242,3,2792
16,15,trial_division,23711,True,4e-06,45,0,43
16,15,pollard_rho,23711,True,6e-06,7,3,28
16,15,pollard_pm1,23711,False,0.000324,50,1,497
16,15,ecm,23711,True,0.000421,242,3,2792
16,16,trial_division,58483,True,7e-06,79,0,77
16,16,pollard_rho,58483,True,9e-06,15,4,60
16,16,pollard_pm1,58483,False,0.000319,50,1,497
16,16,ecm,58483,True,0.000446,253,4,2918
16,17,trial_division,34081,True,5e-06,59,0,57
16,17,pollard_rho,34081,True,1.4e-05,22,14,95
16,17,pollard_pm1,34081,False,0.000338,50,1,497
16,17,ecm,34081,True,0.000431,242,3,2792
16,18,trial_division,44929,True,6e-06,61,0,59
16,18,pollard_rho,44929,True,1.3e-05,31,7,126
16,18,pollard_pm1,44929,False,0.000333,50,1,497
16,18,ecm,44929,True,0.000422,230,2,2655
16,19,trial_division,24047,True,5e-06,48,0,46
16,19,pollard_rho,24047,True,5e-06,7,3,28
16,19,pollard_pm1,24047,False,0.00033,50,1,497
16,19,ecm,24047,True,0.000445,242,3,2792
16,20,trial_division,32899,True,5e-06,57,0,55
16,20,pollard_rho,32899,True,6e-06,7,4,29
16,20,pollard_pm1,32899,False,0.000322,50,1,497
16,20,ecm,32899,True,0.000449,242,3,2792
16,21,trial_division,40913,True,5e-06,56,0,54
16,21,pollard_rho,40913,True,5e-06,7,3,28
16,21,pollard_pm1,40913,False,0.000324,50,1,497
16,21,ecm,40913,True,0.000445,253,4,2918
16,22,trial_division,37979,True,5e-06,56,0,54
16,22,pollard_rho,37979,True,6e-06,7,3,28
16,22,pollard_pm1,37979,False,0.00032,50,1,497
16,22,ecm,37979,True,0.000422,230,2,2655
16,23,trial_division,45571,True,6e-06,68,0,66
16,23,pollard_rho,45571,True,1.3e-05,31,7,126
16,23,pollard_pm1,45571,False,0.000325,50,1,497
16,23,ecm,45571,True,0.000456,264,5,3044
16,24,trial_division,33823,True,5e-06,51,0,49
16,24,pollard_rho,33823,True,8e-06,15,4,60
16,24,pollard_pm1,33823,False,0.000326,50,1,497
16,24,ecm,33823,True,0.00044,242,3,2792
16,25,trial_division,25807,True,4e-06,45,0,43
16,25,pollard_rho,25807,True,6e-06,7,6,31
16,25,pollard_pm1,25807,False,0.000324,50,1,497
16,25,ecm,25807,True,0.000428,242,3,2792
16,26,trial_division,44503,True,6e-06,65,0,63
16,26,pollard_rho,44503,True,9e-06,15,6,62
16,26,pollard_pm1,44503,False,0.000328,50,1,497
16,26,ecm,44503,True,0.000444,242,3,2792
16,27,trial_division,41917,True,8e-06,57,0,55
16,27,pollard_rho,41917,True,6e-06,7,3,28
16,27,pollard_pm1,41917,False,0.000327,50,1,497
16,27,ecm,41917,True,0.000439,242,3,2792
16,28,trial_division,29987,True,5e-06,54,0,52
16,28,pollard_rho,29987,True,5e-06,7,3,28
16,28,pollard_pm1,29987,False,0.00033,50,1,497
16,28,ecm,29987,True,0.01042,28387,2464,324922
16,29,trial_division,19781,True,7e-06,45,0,43
16,29,pollard_rho,19781,True,8e-06,7,4,29
16,29,pollard_pm1,19781,False,0.000327,50,1,497
16,29,ecm,19781,True,0.000448,253,4,2918
16,30,trial_division,21823,True,6e-06,48,0,46
16,30,pollard_rho,21823,True,6e-06,7,3,28
16,30,pollard_pm1,21823,False,0.00032,50,1,497
16,30,ecm,21823,True,0.000471,242,3,2792
16,31,trial_division,20567,True,5e-06,45,0,43
16,31,pollard_rho,20567,True,9e-06,7,4,29
16,31,pollard_pm1,20567,False,0.000394,50,1,497
16,31,ecm,20567,True,0.000462,274,6,3159
16,32,trial_division,24523,True,6e-06,47,0,45
16,32,pollard_rho,24523,True,1.4e-05,31,6,125
16,32,pollard_pm1,24523,False,0.000325,50,1,497
16,32,ecm,24523,True,0.000453,264,5,3044
16,33,trial_division,49949,True,6e-06,68,0,66
16,33,pollard_rho,49949,True,1.9e-05,46,11,186
16,33,pollard_pm1,49949,False,0.000325,50,1,497
16,33,ecm,49949,True,0.000442,242,3,2792
16,34,trial_division,33823,True,5e-06,51,0,49
16,34,pollard_rho,33823,True,8e-06,15,4,60
16,34,pollard_pm1,33823,False,0.000329,50,1,497
16,34,ecm,33823,True,0.000452,264,5,3044
16,35,trial_division,36863,True,6e-06,65,0,63
16,35,pollard_rho,36863,True,9e-06,15,4,60
16,35,pollard_pm1,36863,False,0.000321,50,1,497
16,35,ecm,36863,True,0.000435,242,3,2792
16,36,trial_division,58483,True,7e-06,79,0,77
16,36,pollard_rho,58483,True,9e-06,15,4,60
16,36,pollard_pm1,58483,False,0.000328,50,1,497
16,36,ecm,58483,True,0.000462,264,5,3044
16,37,trial_division,36089,True,5e-06,52,0,50
16,37,pollard_rho,36089,True,6e-06,7,4,29
16,37,pollard_pm1,36089,False,0.000317,50,1,497
16,37,ecm,36089,True,0.005276,14309,1233,163794
16,38,trial_division,31459,True,6e-06,56,0,54
16,38,pollard_rho,31459,True,6e-06,7,3,28
16,38,pollard_pm1,31459,False,0.000322,50,1,497
16,38,ecm,31459,True,0.005718,14309,1233,163794
16,39,trial_division,41087,True,7e-06,62,0,60
16,39,pollard_rho,41087,True,9e-06,15,4,60
16,39,pollard_pm1,41087,False,0.000328,50,1,497
16,39,ecm,41087,True,0.000418,230,2,2655
16,40,trial_division,20413,True,5e-06,47,0,45
16,40,pollard_rho,20413,True,8e-06,15,4,60
16,40,pollard_pm1,20413,False,0.000324,50,1,497
16,40,ecm,20413,True,0.000461,274,6,3159
16,41,trial_division,52891,True,7e-06,77,0,75
16,41,pollard_rho,52891,True,9e-06,15,4,60
16,41,pollard_pm1,52891,False,0.000325,50,1,497
16,41,ecm,52891,True,0.000458,253,4,2918
16,42,trial_division,25591,True,5e-06,54,0,52
16,42,pollard_rho,25591,True,6e-06,7,4,29
16,42,pollard_pm1,25591,False,0.000322,50,1,497
16,42,ecm,25591,True,0.005668,14309,1233,163794
16,43,trial_division,24523,True,8e-06,47,0,45
16,43,pollard_rho,24523,True,1.6e-05,31,6,125
16,43,pollard_pm1,24523,False,0.000342,50,1,497
16,43,ecm,24523,True,0.000475,264,5,3044
16,44,trial_division,32387,True,6e-06,48,0,46
16,44,pollard_rho,32387,True,1e-05,15,4,60
16,44,pollard_pm1,32387,False,0.000328,50,1,497
16,44,ecm,32387,True,0.000427,230,2,2655
16,45,trial_division,38021,True,6e-06,66,0,64
16,45,pollard_rho,38021,True,6e-06,7,3,28
16,45,pollard_pm1,38021,False,0.000328,50,1,497
16,45,ecm,38021,True,0.000445,253,4,2918
16,46,trial_division,31553,True,5e-06,48,0,46
16,46,pollard_rho,31553,True,1.4e-05,31,12,131
16,46,pollard_pm1,31553,False,0.000334,50,1,497
16,46,ecm,31553,True,0.000418,230,2,2655
16,47,trial_division,46127,True,6e-06,66,0,64
16,47,pollard_rho,46127,True,6e-06,7,3,28
16,47,pollard_pm1,46127,False,0.000328,50,1,497
16,47,ecm,46127,True,0.00045,242,3,2792
16,48,trial_division,33017,True,5e-06,47,0,45
16,48,pollard_rho,33017,True,8e-06,15,4,60
16,48,pollard_pm1,33017,False,0.00037,50,1,497
16,48,ecm,33017,True,0.00048,242,3,2792
16,49,trial_division,55687,True,7e-06,79,0,77
16,49,pollard_rho,55687,True,6e-06,7,3,28
16,49,pollard_pm1,55687,False,0.000325,50,1,497
16,49,ecm,55687,True,0.000496,274,6,3159
20,0,trial_division,826277,True,2.4e-05,304,0,302
20,0,pollard_rho,826277,True,1.4e-05,31,5,124
20,0,pollard_pm1,826277,False,0.000334,50,1,497
20,0,ecm,826277,True,0.000324,0,1,0
20,1,trial_division,473717,True,1.5e-05,194,0,192
20,1,pollard_rho,473717,True,6e-06,7,3,28
20,1,pollard_pm1,473717,False,0.000333,50,1,497
20,1,ecm,473717,True,0.000538,318,10,3663
20,2,trial_division,857393,True,2.3e-05,296,0,294
20,2,pollard_rho,857393,True,2.3e-05,63,7,253
20,2,pollard_pm1,857393,False,0.000335,50,1,497
20,2,ecm,857393,True,0.000441,242,3,2792
20,3,trial_division,338099,True,1.5e-05,187,0,185
20,3,pollard_rho,338099,True,9e-06,15,4,60
20,3,pollard_pm1,338099,False,0.000328,50,1,497
20,3,ecm,338099,True,0.00045,242,3,2792
20,4,trial_division,507791,True,1.6e-05,207,0,205
20,4,pollard_rho,507791,True,1.4e-05,31,5,124
20,4,pollard_pm1,507791,False,0.000327,50,1,497
20,4,ecm,507791,True,0.00046,242,3,2792
20,5,trial_division,585161,True,1.9e-05,254,0,252
20,5,pollard_rho,585161,True,1.3e-05,31,5,124
20,5,pollard_pm1,585161,False,0.000327,50,1,497
20,5,ecm,585161,True,0.000463,264,5,3044
20,6,trial_division,592283,True,1.5e-05,197,0,195
20,6,pollard_rho,592283,True,1.2e-05,31,5,124
20,6,pollard_pm1,592283,True,0.000328,50,1,497
20,6,ecm,592283,True,0.000445,253,4,2918
20,7,trial_division,569977,True,1.5e-05,197,0,195
20,7,pollard_rho,569977,True,1.3e-05,31,5,124
20,7,pollard_pm1,569977,True,0.000339,50,1,497
20,7,ecm,569977,True,0.005738,14284,1231,163509
20,8,trial_division,454469,True,2e-05,215,0,213
20,8,pollard_rho,454469,True,1.1e-05,15,7,63
20,8,pollard_pm1,454469,False,0.000335,50,1,497
20,8,ecm,454469,True,0.000461,242,3,2792
20,9,trial_division,579211,True,1.7e-05,219,0,217
20,9,pollard_rho,579211,True,9e-06,15,4,60
20,9,pollard_pm1,579211,True,0.000343,50,1,497
20,9,ecm,579211,True,0.000528,327,11,3767
20,10,trial_division,539569,True,1.9e-05,227,0,225
20,10,pollard_rho,539569,True,6e-06,7,3,28
20,10,pollard_pm1,539569,False,0.00034,50,1,497
20,10,ecm,539569,True,0.000508,264,5,3044
20,11,trial_division,777899,True,2.4e-05,294,0,292
20,11,pollard_rho,777899,True,1.3e-05,31,5,124
20,11,pollard_pm1,777899,True,0.000335,50,1,497
20,11,ecm,777899,True,0.000467,217,1,2507
20,12,trial_division,784639,True,2.1e-05,264,0,262
20,12,pollard_rho,784639,True,1.2e-05,31,5,124
20,12,pollard_pm1,784639,False,0.000335,50,1,497
20,12,ecm,784639,True,0.000482,230,2,2655
20,13,trial_division,567109,True,1.9e-05,235,0,233
20,13,pollard_rho,567109,True,1.4e-05,31,9,128
20,13,pollard_pm1,567109,False,0.000329,50,1,497
20,13,ecm,567109,True,0.000479,242,3,2792
20,14,trial_division,453689,True,1.6e-05,212,0,210
20,14,pollard_rho,453689,True,1.5e-05,31,13,132
20,14,pollard_pm1,453689,True,0.000333,50,1,497
20,14,ecm,453689,True,0.000484,253,4,2918
20,15,trial_division,351979,True,1.5e-05,176,0,174
20,15,pollard_rho,351979,True,9e-06,15,4,60
20,15,pollard_pm1,351979,False,0.000334,50,1,497
20,15,ecm,351979,True,0.000485,264,5,3044
20,16,trial_division,594259,True,2e-05,226,0,224
20,16,pollard_rho,594259,True,9e-06,15,4,60
20,16,pollard_pm1,594259,False,0.000327,50,1,497
20,16,ecm,594259,True,0.000474,242,3,2792
20,17,trial_division,774899,True,2.1e-05,277,0,275
20,17,pollard_rho,774899,True,1.3e-05,31,7,126
20,17,pollard_pm1,774899,False,0.000334,50,1,497
20,17,ecm,774899,True,0.000452,253,4,2918
20,18,trial_division,657367,True,1.8e-05,227,0,225
20,18,pollard_rho,657367,True,6e-06,7,3,28
20,18,pollard_pm1,657367,False,0.000337,50,1,497
20,18,ecm,657367,True,0.000457,264,5,3044
20,19,trial_division,291311,True,1.5e-05,176,0,174
20,19,pollard_rho,291311,True,9e-06,15,4,60
20,19,pollard_pm1,291311,False,0.000326,50,1,497
20,19,ecm,291311,True,0.000457,253,4,2918
20,20,trial_division,405617,True,1.5e-05,197,0,195
20,20,pollard_rho,405617,True,1.4e-05,31,5,124
20,20,pollard_pm1,405617,True,0.000329,50,1,497
20,20,ecm,405617,True,0.000443,242,3,2792
20,21,trial_division,812083,True,2.6e-05,289,0,287
20,21,pollard_rho,812083,True,8e-06,15,4,60
20,21,pollard_pm1,812083,True,0.000331,50,1,497
20,21,ecm,812083,True,0.000488,217,1,2507
20,22,trial_division,706969,True,2e-05,255,0,253
20,22,pollard_rho,706969,True,1.4e-05,31,5,124
20,22,pollard_pm1,706969,False,0.00033,50,1,497
20,22,ecm,706969,True,0.000482,253,4,2918
20,23,trial_division,919537,True,2.6e-05,317,0,315
20,23,pollard_rho,919537,True,2.1e-05,63,7,253
20,23,pollard_pm1,919537,False,0.000331,50,1,497
20,23,ecm,919537,True,0.005522,14320,1234,163920
20,24,trial_division,586697,True,1.7e-05,229,0,227
20,24,pollard_rho,586697,True,1.2e-05,31,5,124
20,24,pollard_pm1,586697,False,0.000332,50,1,497
20,24,ecm,586697,True,0.005696,14331,1235,164046
20,25,trial_division,679181,True,2.1e-05,264,0,262
20,25,pollard_rho,679181,True,1.4e-05,31,5,124
20,25,pollard_pm1,679181,True,0.000337,50,1,497
20,25,ecm,679181,True,0.000497,230,2,2655
20,26,trial_division,667951,True,1.9e-05,241,0,239
20,26,pollard_rho,667951,True,1.3e-05,31,5,124
20,26,pollard_pm1,667951,True,0.000339,50,1,497
20,26,ecm,667951,True,0.000539,253,4,2918
20,27,trial_division,422053,True,1.5e-05,197,0,195
20,27,pollard_rho,422053,True,1.5e-05,31,13,132
20,27,pollard_pm1,422053,False,0.000355,100,2,946
20,27,ecm,422053,True,0.000527,285,7,3285
20,28,trial_division,565423,True,2e-05,249,0,247
20,28,pollard_rho,565423,True,8e-06,15,4,60
20,28,pollard_pm1,565423,False,0.000339,50,1,497
20,28,ecm,565423,True,0.00046,253,4,2918
20,29,trial_division,368413,True,1.6e-05,202,0,200
20,29,pollard_rho,368413,True,2.1e-05,63,7,253
20,29,pollard_pm1,368413,False,0.000327,50,1,497
20,29,ecm,368413,True,0.000476,242,3,2792
20,30,trial_division,669043,True,2.2e-05,271,0,269
20,30,pollard_rho,669043,True,1.5e-05,31,10,129
20,30,pollard_pm1,669043,False,0.000325,50,1,497
20,30,ecm,669043,True,0.005562,14341,1236,164161
20,31,trial_division,390457,True,1.7e-05,187,0,185
20,31,pollard_rho,390457,True,1.1e-05,15,4,60
20,31,pollard_pm1,390457,False,0.000336,50,1,497
20,31,ecm,390457,True,0.000587,377,16,4342
20,32,trial_division,544003,True,1.8e-05,222,0,220
20,32,pollard_rho,544003,True,1.5e-05,31,7,126
20,32,pollard_pm1,544003,False,0.000339,50,1,497
20,32,ecm,544003,True,0.00046,242,3,2792
20,33,trial_division,441901,True,1.7e-05,217,0,215
20,33,pollard_rho,441901,True,1.4e-05,31,5,124
20,33,pollard_pm1,441901,False,0.000327,50,1,497
20,33,ecm,441901,True,0.000486,285,7,3285
20,34,trial_division,474457,True,1.4e-05,182,0,180
20,34,pollard_rho,474457,True,1.3e-05,31,5,124
20,34,pollard_pm1,474457,False,0.000326,50,1,497
20,34,ecm,474457,True,0.000529,217,1,2507
20,35,trial_division,497543,True,2.7e-05,217,0,215
20,35,pollard_rho,497543,True,2.6e-05,31,5,124
20,35,pollard_pm1,497543,False,0.000403,50,1,497
20,35,ecm,497543,True,0.000526,327,11,3767
20,36,trial_division,561293,True,1.6e-05,192,0,190
20,36,pollard_rho,561293,True,1e-05,15,5,61
20,36,pollard_pm1,561293,True,0.000335,50,1,497
20,36,ecm,561293,True,0.000461,264,5,3044
20,37,trial_division,558361,True,1.7e-05,217,0,215
20,37,pollard_rho,558361,True,1.4e-05,31,5,124
20,37,pollard_pm1,558361,True,0.000345,50,1,497
20,37,ecm,558361,True,0.00043,230,2,2655
20,38,trial_division,476941,True,1.6e-05,207,0,205
20,38,pollard_rho,476941,True,2.2e-05,63,7,253
20,38,pollard_pm1,476941,False,0.000337,50,1,497
20,38,ecm,476941,True,0.000492,242,3,2792
20,39,trial_division,659389,True,1.9e-05,244,0,242
20,39,pollard_rho,659389,True,1.3e-05,31,5,124
20,39,pollard_pm1,659389,False,0.000324,50,1,497
20,39,ecm,659389,True,0.000462,253,4,2918
20,40,trial_division,387229,True,1.6e-05,199,0,197
20,40,pollard_rho,387229,True,9e-06,15,4,60
20,40,pollard_pm1,387229,False,0.000339,50,1,497
20,40,ecm,387229,True,0.000517,309,9,3559
20,41,trial_division,582599,True,1.7e-05,229,0,227
20,41,pollard_rho,582599,True,8e-06,15,4,60
20,41,pollard_pm1,582599,False,0.000329,50,1,497
20,41,ecm,582599,True,0.000553,327,11,3767
20,42,trial_division,370817,True,1.5e-05,202,0,200
20,42,pollard_rho,370817,True,2.1e-05,63,7,253
20,42,pollard_pm1,370817,False,0.000328,50,1,497
20,42,ecm,370817,True,0.000452,242,3,2792
20,43,trial_division,647797,True,1.7e-05,221,0,219
20,43,pollard_rho,647797,True,9e-06,15,4,60
20,43,pollard_pm1,647797,True,0.00033,50,1,497
20,43,ecm,647797,True,0.000495,264,5,3044
20,44,trial_division,634877,True,1.8e-05,241,0,239
20,44,pollard_rho,634877,True,1.3e-05,31,5,124
20,44,pollard_pm1,634877,True,0.000336,50,1,497
20,44,ecm,634877,True,0.00046,242,3,2792
20,45,trial_division,706957,True,2.2e-05,276,0,274
20,45,pollard_rho,706957,True,1.2e-05,31,5,124
20,45,pollard_pm1,706957,False,0.000331,50,1,497
20,45,ecm,706957,True,0.00053,318,10,3663
20,46,trial_division,529481,True,1.5e-05,202,0,200
20,46,pollard_rho,529481,True,2.2e-05,63,12,258
20,46,pollard_pm1,529481,False,0.000323,50,1,497
20,46,ecm,529481,True,0.00044,242,3,2792
20,47,trial_division,549881,True,1.5e-05,194,0,192
20,47,pollard_rho,549881,True,8e-06,15,4,60
20,47,pollard_pm1,549881,False,0.000319,50,1,497
20,47,ecm,549881,True,0.000491,264,5,3044
20,48,trial_division,369437,True,1.5e-05,192,0,190
20,48,pollard_rho,369437,True,8e-06,15,4,60
20,48,pollard_pm1,369437,False,0.00032,50,1,497
20,48,ecm,369437,True,0.000474,242,3,2792
20,49,trial_division,432521,True,1.3e-05,176,0,174
20,49,pollard_rho,432521,True,1.4e-05,31,11,130
20,49,pollard_pm1,432521,False,0.000322,50,1,497
20,49,ecm,432521,True,0.000469,217,1,2507
24,0,trial_division,6880217,True,5.8e-05,739,0,737
24,0,pollard_rho,6880217,True,2e-05,63,6,252
24,0,pollard_pm1,6880217,False,0.000325,50,1,497
24,0,ecm,6880217,True,0.000537,346,13,3986
24,1,trial_division,9843059,True,6.9e-05,845,0,843
24,1,pollard_rho,9843059,True,8e-06,15,4,60
24,1,pollard_pm1,9843059,False,0.000328,50,1,497
24,1,ecm,9843059,True,0.00562,14284,1231,163509
24,2,trial_division,8545921,True,6.3e-05,809,0,807
24,2,pollard_rho,8545921,True,2e-05,63,6,252
24,2,pollard_pm1,8545921,False,0.000336,50,1,497
24,2,ecm,8545921,True,0.000491,217,1,2507
24,3,trial_division,7475879,True,6.8e-05,826,0,824
24,3,pollard_rho,7475879,True,1.4e-05,31,9,128
24,3,pollard_pm1,7475879,True,0.000336,50,1,497
24,3,ecm,7475879,True,0.000478,217,1,2507
24,4,trial_division,9849293,True,6.9e-05,896,0,894
24,4,pollard_rho,9849293,True,9e-06,15,4,60
24,4,pollard_pm1,9849293,True,0.000328,50,1,497
24,4,ecm,9849293,True,0.015504,42443,3693,485798
24,5,trial_division,8971867,True,6.7e-05,852,0,850
24,5,pollard_rho,8971867,True,1.4e-05,31,5,124
24,5,pollard_pm1,8971867,True,0.000335,50,1,497
24,5,ecm,8971867,True,0.010624,28511,2462,326391
24,6,trial_division,7332769,True,6.2e-05,785,0,783
24,6,pollard_rho,7332769,True,2.2e-05,63,6,252
24,6,pollard_pm1,7332769,True,0.000335,50,1,497
24,6,ecm,7332769,True,0.000461,264,5,3044
24,7,trial_division,10908929,True,7.9e-05,977,0,975
24,7,pollard_rho,10908929,True,3.8e-05,127,7,508
24,7,pollard_pm1,10908929,False,0.000337,50,1,497
24,7,ecm,10908929,True,0.000475,253,4,2918
24,8,trial_division,7532183,True,6.7e-05,871,0,869
24,8,pollard_rho,7532183,True,9e-06,15,4,60
24,8,pollard_pm1,7532183,False,0.000332,50,1,497
24,8,ecm,7532183,True,0.000474,217,1,2507
24,9,trial_division,13550051,True,8.9e-05,1146,0,1144
24,9,pollard_rho,13550051,True,1.3e-05,31,9,128
24,9,pollard_pm1,13550051,True,0.000333,50,1,497
24,9,ecm,13550051,True,0.000468,217,1,2507
24,10,trial_division,9230563,True,6.1e-05,782,0,780
24,10,pollard_rho,9230563,True,1.3e-05,31,5,124
24,10,pollard_pm1,9230563,False,0.000326,50,1,497
24,10,ecm,9230563,True,0.000474,217,1,2507
24,11,trial_division,8133271,True,6e-05,766,0,764
24,11,pollard_rho,8133271,True,2.2e-05,63,8,254
24,11,pollard_pm1,8133271,False,0.000334,50,1,497
24,11,ecm,8133271,True,0.000454,242,3,2792
24,12,trial_division,7349197,True,7.1e-05,899,0,897
24,12,pollard_rho,7349197,True,2e-05,63,8,254
24,12,pollard_pm1,7349197,True,0.000331,50,1,497
24,12,ecm,7349197,True,0.005437,14284,1231,163509
24,13,trial_division,8708309,True,7.3e-05,935,0,933
24,13,pollard_rho,8708309,True,2e-05,63,6,252
24,13,pollard_pm1,8708309,False,0.000325,50,1,497
24,13,ecm,8708309,True,0.00046,253,4,2918
24,14,trial_division,10286021,True,7.1e-05,892,0,890
24,14,pollard_rho,10286021,True,1.2e-05,31,5,124
24,14,pollard_pm1,10286021,False,0.000322,50,1,497
24,14,ecm,10286021,True,0.000468,217,1,2507
24,15,trial_division,10854317,True,7.3e-05,969,0,967
24,15,pollard_rho,10854317,True,1.1e-05,31,5,124
24,15,pollard_pm1,10854317,True,0.000326,50,1,497
24,15,ecm,10854317,True,0.000572,388,17,4468
24,16,trial_division,13681933,True,9e-05,1178,0,1176
24,16,pollard_rho,13681933,True,1.2e-05,31,5,124
24,16,pollard_pm1,13681933,False,0.000332,50,1,497
24,16,ecm,13681933,True,0.000467,217,1,2507
24,17,trial_division,6942181,True,5.9e-05,739,0,737
24,17,pollard_rho,6942181,True,8e-06,15,4,60
24,17,pollard_pm1,6942181,False,0.000329,50,1,497
24,17,ecm,6942181,True,0.000495,285,7,3285
24,18,trial_division,7119841,True,6.7e-05,852,0,850
24,18,pollard_rho,7119841,True,3.3e-05,94,14,379
24,18,pollard_pm1,7119841,False,0.00033,50,1,497
24,18,ecm,7119841,True,0.000472,264,5,3044
24,19,trial_division,5419133,True,5.5e-05,712,0,710
24,19,pollard_rho,5419133,True,8e-06,15,4,60
24,19,pollard_pm1,5419133,False,0.000335,50,1,497
24,19,ecm,5419133,True,0.000493,217,1,2507
24,20,trial_division,12569801,True,8.7e-05,1131,0,1129
24,20,pollard_rho,12569801,True,1.2e-05,31,5,124
24,20,pollard_pm1,12569801,False,0.000331,50,1,497
24,20,ecm,12569801,True,0.000687,523,3,6113
24,21,trial_division,7894339,True,5.6e-05,701,0,699
24,21,pollard_rho,7894339,True,2e-05,63,6,252
24,21,pollard_pm1,7894339,True,0.00033,50,1,497
24,21,ecm,7894339,True,0.000534,336,12,3871
24,22,trial_division,12440731,True,7.9e-05,1015,0,1013
24,22,pollard_rho,12440731,True,4.7e-05,127,15,516
24,22,pollard_pm1,12440731,True,0.000332,50,1,497
24,22,ecm,12440731,True,0.000483,285,7,3285
24,23,trial_division,11549183,True,7.7e-05,986,0,984
24,23,pollard_rho,11549183,True,2.1e-05,63,6,252
24,23,pollard_pm1,11549183,False,0.000332,50,1,497
24,23,ecm,11549183,True,0.000471,217,1,2507
24,24,trial_division,10550789,True,7.9e-05,974,0,972
24,24,pollard_rho,10550789,True,2e-05,63,6,252
24,24,pollard_pm1,10550789,False,0.000328,50,1,497
24,24,ecm,10550789,True,0.00047,217,1,2507
24,25,trial_division,13642621,True,9.4e-05,1199,0,1197
24,25,pollard_rho,13642621,True,8e-06,15,4,60
24,25,pollard_pm1,13642621,True,0.00033,50,1,497
24,25,ecm,13642621,True,0.00047,217,1,2507
24,26,trial_division,8812619,True,7.3e-05,961,0,959
24,26,pollard_rho,8812619,True,1.2e-05,31,5,124
24,26,pollard_pm1,8812619,True,0.000329,50,1,497
24,26,ecm,8812619,True,0.000482,217,1,2507
24,27,trial_division,10662541,True,6.9e-05,887,0,885
24,27,pollard_rho,10662541,True,2e-05,63,6,252
24,27,pollard_pm1,10662541,False,0.000326,50,1,497
24,27,ecm,10662541,True,0.000786,679,31,7854
24,28,trial_division,7441327,True,6.5e-05,817,0,815
24,28,pollard_rho,7441327,True,8e-06,15,4,60
24,28,pollard_pm1,7441327,True,0.000328,50,1,497
24,28,ecm,7441327,True,0.000453,253,4,2918
24,29,trial_division,11964677,True,8.9e-05,1154,0,1152
24,29,pollard_rho,11964677,True,1.2e-05,31,5,124
24,29,pollard_pm1,11964677,False,0.000333,50,1,497
24,29,ecm,11964677,True,0.000477,217,1,2507
24,30,trial_division,6700531,True,6.3e-05,836,0,834
24,30,pollard_rho,6700531,True,1.2e-05,31,5,124
24,30,pollard_pm1,6700531,False,0.00033,50,1,497
24,30,ecm,6700531,True,0.000434,242,3,2792
24,31,trial_division,5879299,True,5.4e-05,701,0,699
24,31,pollard_rho,5879299,True,2.4e-05,63,16,262
24,31,pollard_pm1,5879299,True,0.000326,50,1,497
24,31,ecm,5879299,True,0.000478,217,1,2507
24,32,trial_division,8648803,True,7.8e-05,955,0,953
24,32,pollard_rho,8648803,True,1.3e-05,31,9,128
24,32,pollard_pm1,8648803,True,0.000329,50,1,497
24,32,ecm,8648803,True,0.000505,297,8,3422
24,33,trial_division,8939837,True,6.9e-05,892,0,890
24,33,pollard_rho,8939837,True,1.3e-05,31,5,124
24,33,pollard_pm1,8939837,True,0.000336,50,1,497
24,33,ecm,8939837,True,0.000469,285,7,3285
24,34,trial_division,8422889,True,6.1e-05,801,0,799
24,34,pollard_rho,8422889,True,8e-06,15,4,60
24,34,pollard_pm1,8422889,False,0.000325,50,1,497
24,34,ecm,8422889,True,0.005566,14331,1235,164046
24,35,trial_division,6590333,True,5.5e-05,719,0,717
24,35,pollard_rho,6590333,True,6e-06,7,3,28
24,35,pollard_pm1,6590333,True,0.000337,50,1,497
24,35,ecm,6590333,True,0.000543,217,1,2507
24,36,trial_division,9209749,True,5.8e-05,764,0,762
24,36,pollard_rho,9209749,True,1.3e-05,31,5,124
24,36,pollard_pm1,9209749,False,0.000326,50,1,497
24,36,ecm,9209749,True,0.000509,309,9,3559
24,37,trial_division,6132613,True,6.2e-05,809,0,807
24,37,pollard_rho,6132613,True,8e-06,15,4,60
24,37,pollard_pm1,6132613,False,0.000326,50,1,497
24,37,ecm,6132613,True,0.000454,264,5,3044
24,38,trial_division,12149953,True,8.8e-05,1132,0,1130
24,38,pollard_rho,12149953,True,8e-06,15,4,60
24,38,pollard_pm1,12149953,False,0.000327,50,1,497
24,38,ecm,12149953,True,0.000477,253,4,2918
24,39,trial_division,6018721,True,5.4e-05,691,0,689
24,39,pollard_rho,6018721,True,1.2e-05,31,5,124
24,39,pollard_pm1,6018721,True,0.000327,50,1,497
24,39,ecm,6018721,True,0.000469,217,1,2507
24,40,trial_division,5685011,True,5.7e-05,728,0,726
24,40,pollard_rho,5685011,True,1.2e-05,31,5,124
24,40,pollard_pm1,5685011,False,0.000325,50,1,497
24,40,ecm,5685011,True,0.000476,217,1,2507
24,41,trial_division,10018159,True,7.5e-05,911,0,909
24,41,pollard_rho,10018159,True,2.1e-05,63,6,252
24,41,pollard_pm1,10018159,True,0.000332,50,1,497
24,41,ecm,10018159,True,0.000493,297,8,3422
24,42,trial_division,8998631,True,7.9e-05,989,0,987
24,42,pollard_rho,8998631,True,1.3e-05,31,5,124
24,42,pollard_pm1,8998631,True,0.000337,50,1,497
24,42,ecm,8998631,True,0.000571,356,14,4101
24,43,trial_division,11201579,True,7.2e-05,952,0,950
24,43,pollard_rho,11201579,True,2.5e-05,63,27,273
24,43,pollard_pm1,11201579,True,0.000337,50,1,497
24,43,ecm,11201579,True,0.000518,309,9,3559
24,44,trial_division,6331201,True,5.5e-05,712,0,710
24,44,pollard_rho,6331201,True,4e-05,127,15,516
24,44,pollard_pm1,6331201,False,0.000337,50,1,497
24,44,ecm,6331201,True,0.000453,264,5,3044
24,45,trial_division,5092471,True,5.6e-05,714,0,712
24,45,pollard_rho,5092471,True,9e-06,15,4,60
24,45,pollard_pm1,5092471,True,0.000328,50,1,497
24,45,ecm,5092471,True,0.000472,217,1,2507
24,46,trial_division,5094443,True,5.6e-05,706,0,704
24,46,pollard_rho,5094443,True,1.2e-05,31,5,124
24,46,pollard_pm1,5094443,True,0.000326,50,1,497
24,46,ecm,5094443,True,0.000448,253,4,2918
24,47,trial_division,8857169,True,5.7e-05,757,0,755
24,47,pollard_rho,8857169,True,1.2e-05,31,5,124
24,47,pollard_pm1,8857169,False,0.00033,50,1,497
24,47,ecm,8857169,True,0.000474,285,7,3285
24,48,trial_division,4719389,True,5.3e-05,691,0,689
24,48,pollard_rho,4719389,True,1.2e-05,31,5,124
24,48,pollard_pm1,4719389,False,0.000328,50,1,497
24,48,ecm,4719389,True,0.00048,274,6,3159
24,49,trial_division,12894979,True,9e-05,1126,0,1124
24,49,pollard_rho,12894979,True,3.7e-05,127,9,510
24,49,pollard_pm1,12894979,True,0.000325,50,1,497
24,49,ecm,12894979,True,0.00048,242,3,2792
28,0,trial_division,218748749,True,0.000373,4836,0,4834
28,0,pollard_rho,218748749,True,4.2e-05,127,34,535
28,0,pollard_pm1,218748749,True,0.000463,400,8,4265
28,0,ecm,218748749,True,0.000473,217,1,2507
28,1,trial_division,186233353,True,0.000336,4309,0,4307
28,1,pollard_rho,186233353,True,4e-05,127,27,528
28,1,pollard_pm1,186233353,False,0.000332,50,1,497
28,1,ecm,186233353,True,0.000535,309,9,3559
28,2,trial_division,154796111,True,0.000284,3659,0,3657
28,2,pollard_rho,154796111,True,3.7e-05,127,7,508
28,2,pollard_pm1,154796111,True,0.000337,50,1,497
28,2,ecm,154796111,True,0.00047,217,1,2507
28,3,trial_division,158361157,True,0.000257,3309,0,3307
28,3,pollard_rho,158361157,True,2.2e-05,63,6,252
28,3,pollard_pm1,158361157,False,0.000327,50,1,497
28,3,ecm,158361157,True,0.000453,253,4,2918
28,4,trial_division,91724123,True,0.000246,3095,0,3093
28,4,pollard_rho,91724123,True,2e-05,63,6,252
28,4,pollard_pm1,91724123,False,0.000332,50,1,497
28,4,ecm,91724123,True,0.000483,217,1,2507
28,5,trial_division,157348801,True,0.000318,4127,0,4125
28,5,pollard_rho,157348801,True,3.8e-05,127,14,515
28,5,pollard_pm1,157348801,False,0.000329,50,1,497
28,5,ecm,157348801,True,0.000479,217,1,2507
28,6,trial_division,201398581,True,0.00033,4161,0,4159
28,6,pollard_rho,201398581,True,2.3e-05,63,6,252
28,6,pollard_pm1,201398581,True,0.000347,100,2,946
28,6,ecm,201398581,True,0.000482,217,1,2507
28,7,trial_division,93610477,True,0.000226,2928,0,2926
28,7,pollard_rho,93610477,True,3.5e-05,127,7,508
28,7,pollard_pm1,93610477,True,0.000329,50,1,497
28,7,ecm,93610477,True,0.000453,253,4,2918
28,8,trial_division,151158229,True,0.000245,3197,0,3195
28,8,pollard_rho,151158229,True,2.1e-05,63,6,252
28,8,pollard_pm1,151158229,True,0.000583,650,13,7351
28,8,ecm,151158229,True,0.000494,285,7,3285
28,9,trial_division,178442093,True,0.000329,4191,0,4189
28,9,pollard_rho,178442093,True,2.4e-05,63,24,270
28,9,pollard_pm1,178442093,True,0.000329,50,1,497
28,9,ecm,178442093,True,0.000475,217,1,2507
28,10,trial_division,120243421,True,0.000246,3148,0,3146
28,10,pollard_rho,120243421,True,3.9e-05,127,11,512
28,10,pollard_pm1,120243421,False,0.000324,50,1,497
28,10,ecm,120243421,True,0.000474,217,1,2507
28,11,trial_division,179301191,True,0.00033,4268,0,4266
28,11,pollard_rho,179301191,True,4e-05,127,16,517
28,11,pollard_pm1,179301191,False,0.000323,50,1,497
28,11,ecm,179301191,True,0.000466,217,1,2507
28,12,trial_division,91275901,True,0.000226,2891,0,2889
28,12,pollard_rho,91275901,True,2.1e-05,63,6,252
28,12,pollard_pm1,91275901,False,0.000327,50,1,497
28,12,ecm,91275901,True,0.000464,217,1,2507
28,13,trial_division,125686469,True,0.000274,3502,0,3500
28,13,pollard_rho,125686469,True,3.6e-05,127,7,508
28,13,pollard_pm1,125686469,False,0.000324,50,1,497
28,13,ecm,125686469,True,0.000471,217,1,2507
28,14,trial_division,124855943,True,0.000261,3365,0,3363
28,14,pollard_rho,124855943,True,6.7e-05,255,10,1022
28,14,pollard_pm1,124855943,False,0.000384,200,4,1974
28,14,ecm,124855943,True,0.000464,217,1,2507
28,15,trial_division,130525567,True,0.000282,3595,0,3593
28,15,pollard_rho,130525567,True,3.8e-05,127,13,514
28,15,pollard_pm1,130525567,True,0.000332,50,1,497
28,15,ecm,130525567,True,0.000479,217,1,2507
28,16,trial_division,128539657,True,0.000214,2764,0,2762
28,16,pollard_rho,128539657,True,2e-05,63,6,252
28,16,pollard_pm1,128539657,True,0.000329,50,1,497
28,16,ecm,128539657,True,0.00047,217,1,2507
28,17,trial_division,173975371,True,0.000339,4389,0,4387
28,17,pollard_rho,173975371,True,3.6e-05,127,11,512
28,17,pollard_pm1,173975371,True,0.000328,50,1,497
28,17,ecm,173975371,True,0.000453,242,3,2792
28,18,trial_division,120951757,True,0.000288,3614,0,3612
28,18,pollard_rho,120951757,True,2.3e-05,63,6,252
28,18,pollard_pm1,120951757,False,0.000343,50,1,497
28,18,ecm,120951757,True,0.000476,217,1,2507
28,19,trial_division,86711063,True,0.000222,2844,0,2842
28,19,pollard_rho,86711063,True,3.8e-05,127,7,508
28,19,pollard_pm1,86711063,False,0.000327,50,1,497
28,19,ecm,86711063,True,0.000489,253,4,2918
28,20,trial_division,144911027,True,0.000288,3749,0,3747
28,20,pollard_rho,144911027,True,2.1e-05,63,6,252
28,20,pollard_pm1,144911027,False,0.00033,50,1,497
28,20,ecm,144911027,True,0.000484,264,5,3044
28,21,trial_division,151529327,True,0.000304,3912,0,3910
28,21,pollard_rho,151529327,True,2.1e-05,63,6,252
28,21,pollard_pm1,151529327,True,0.00033,50,1,497
28,21,ecm,151529327,True,0.000467,217,1,2507
28,22,trial_division,243238987,True,0.000387,4957,0,4955
28,22,pollard_rho,243238987,True,3.8e-05,127,7,508
28,22,pollard_pm1,243238987,True,0.000346,100,2,946
28,22,ecm,243238987,True,0.001042,1026,6,12006
28,23,trial_division,201116081,True,0.000335,4315,0,4313
28,23,pollard_rho,201116081,True,3.7e-05,127,7,508
28,23,pollard_pm1,201116081,True,0.00033,50,1,497
28,23,ecm,201116081,True,0.000499,327,11,3767
28,24,trial_division,225138517,True,0.000355,4588,0,4586
28,24,pollard_rho,225138517,True,5e-06,7,3,28
28,24,pollard_pm1,225138517,True,0.000333,50,1,497
28,24,ecm,225138517,True,0.000582,377,2,4387
28,25,trial_division,121317467,True,0.000219,2816,0,2814
28,25,pollard_rho,121317467,True,3.6e-05,127,7,508
28,25,pollard_pm1,121317467,True,0.000326,50,1,497
28,25,ecm,121317467,True,0.00047,217,1,2507
28,26,trial_division,238061491,True,0.000393,5094,0,5092
28,26,pollard_rho,238061491,True,3.7e-05,127,12,513
28,26,pollard_pm1,238061491,False,0.000325,50,1,497
28,26,ecm,238061491,True,0.000474,217,1,2507
28,27,trial_division,108049873,True,0.000241,3136,0,3134
28,27,pollard_rho,108049873,True,4e-05,127,33,534
28,27,pollard_pm1,108049873,True,0.00035,100,2,946
28,27,ecm,108049873,True,0.000565,297,8,3422
28,28,trial_division,108749383,True,0.000264,2982,0,2980
28,28,pollard_rho,108749383,True,4e-05,127,25,526
28,28,pollard_pm1,108749383,True,0.000336,50,1,497
28,28,ecm,108749383,True,0.000475,217,1,2507
28,29,trial_division,130815101,True,0.000239,3148,0,3146
28,29,pollard_rho,130815101,True,2e-05,63,6,252
28,29,pollard_pm1,130815101,False,0.000328,50,1,497
28,29,ecm,130815101,True,0.000595,377,2,4387
28,30,trial_division,124577797,True,0.000279,3571,0,3569
28,30,pollard_rho,124577797,True,4.1e-05,127,27,528
28,30,pollard_pm1,124577797,True,0.000362,150,3,1446
28,30,ecm,124577797,True,0.000474,217,1,2507
28,31,trial_division,183111193,True,0.000319,4174,0,4172
28,31,pollard_rho,183111193,True,3.8e-05,127,17,518
28,31,pollard_pm1,183111193,False,0.000326,50,1,497
28,31,ecm,183111193,True,0.000441,253,4,2918
28,32,trial_division,124497299,True,0.00024,3155,0,3153
28,32,pollard_rho,124497299,True,1.9e-05,63,6,252
28,32,pollard_pm1,124497299,False,0.00032,50,1,497
28,32,ecm,124497299,True,0.000901,914,45,10624
28,33,trial_division,214772893,True,0.000373,4809,0,4807
28,33,pollard_rho,214772893,True,3.8e-05,127,7,508
28,33,pollard_pm1,214772893,True,0.000399,250,5,2524
28,33,ecm,214772893,True,0.000458,253,4,2918
28,34,trial_division,202897663,True,0.000361,4595,0,4593
28,34,pollard_rho,202897663,True,1.2e-05,31,5,124
28,34,pollard_pm1,202897663,True,0.000328,50,1,497
28,34,ecm,202897663,True,0.000546,356,14,4101
28,35,trial_division,193985851,True,0.000346,4564,0,4562
28,35,pollard_rho,193985851,True,2e-05,63,6,252
28,35,pollard_pm1,193985851,True,0.000382,200,4,1974
28,35,ecm,193985851,True,0.000457,242,3,2792
28,36,trial_division,175699957,True,0.000335,4315,0,4313
28,36,pollard_rho,175699957,True,3.7e-05,127,7,508
28,36,pollard_pm1,175699957,True,0.000364,150,3,1446
28,36,ecm,175699957,True,0.000589,377,2,4387
28,37,trial_division,121819219,True,0.000301,3636,0,3634
28,37,pollard_rho,121819219,True,3.6e-05,127,7,508
28,37,pollard_pm1,121819219,False,0.000322,50,1,497
28,37,ecm,121819219,True,0.000467,217,1,2507
28,38,trial_division,158108407,True,0.00027,3494,0,3492
28,38,pollard_rho,158108407,True,3.6e-05,127,7,508
28,38,pollard_pm1,158108407,True,0.000323,50,1,497
28,38,ecm,158108407,True,0.000467,217,1,2507
28,39,trial_division,132389867,True,0.000284,3697,0,3695
28,39,pollard_rho,132389867,True,2e-05,63,6,252
28,39,pollard_pm1,132389867,True,0.000327,50,1,497
28,39,ecm,132389867,True,0.000506,309,9,3559
28,40,trial_division,106394443,True,0.000226,2906,0,2904
28,40,pollard_rho,106394443,True,3.8e-05,127,7,508
28,40,pollard_pm1,106394443,False,0.000323,50,1,497
28,40,ecm,106394443,True,0.00051,217,1,2507
28,41,trial_division,177155873,True,0.000351,3997,0,3995
28,41,pollard_rho,177155873,True,3.9e-05,127,7,508
28,41,pollard_pm1,177155873,True,0.000353,100,2,946
28,41,ecm,177155873,True,0.000475,217,1,2507
28,42,trial_division,127285073,True,0.000268,3494,0,3492
28,42,pollard_rho,127285073,True,3.8e-05,127,17,518
28,42,pollard_pm1,127285073,True,0.000332,50,1,497
28,42,ecm,127285073,True,0.000794,683,4,7993
28,43,trial_division,111786667,True,0.000252,3258,0,3256
28,43,pollard_rho,111786667,True,3.6e-05,127,7,508
28,43,pollard_pm1,111786667,True,0.000326,50,1,497
28,43,ecm,111786667,True,0.005506,14320,1234,163920
28,44,trial_division,86087663,True,0.000217,2842,0,2840
28,44,pollard_rho,86087663,True,2e-05,63,6,252
28,44,pollard_pm1,86087663,True,0.000327,50,1,497
28,44,ecm,86087663,True,0.000473,217,1,2507
28,45,trial_division,204716989,True,0.000356,4217,0,4215
28,45,pollard_rho,204716989,True,4.1e-05,127,7,508
28,45,pollard_pm1,204716989,True,0.000693,850,17,9951
28,45,ecm,204716989,True,0.000519,336,12,3871
28,46,trial_division,135840941,True,0.00025,3216,0,3214
28,46,pollard_rho,135840941,True,2e-05,63,6,252
28,46,pollard_pm1,135840941,True,0.00042,300,6,3074
28,46,ecm,135840941,True,0.000462,217,1,2507
28,47,trial_division,189125569,True,0.000319,4138,0,4136
28,47,pollard_rho,189125569,True,3.7e-05,127,7,508
28,47,pollard_pm1,189125569,False,0.000329,50,1,497
28,47,ecm,189125569,True,0.000459,264,5,3044
28,48,trial_division,102126977,True,0.000226,2922,0,2920
28,48,pollard_rho,102126977,True,2.5e-05,63,28,274
28,48,pollard_pm1,102126977,False,0.000331,50,1,497
28,48,ecm,102126977,True,0.000448,253,4,2918
28,49,trial_division,103229771,True,0.00022,2794,0,2792
28,49,pollard_rho,103229771,True,1.3e-05,31,5,124
28,49,pollard_pm1,103229771,True,0.000333,50,1,497
28,49,ecm,103229771,True,0.000487,217,1,2507
32,0,trial_division,3898166903,True,0.001632,20112,0,20110
32,0,pollard_rho,3898166903,True,7e-05,127,7,508
32,0,pollard_pm1,3898166903,True,0.00047,150,3,1446
32,0,ecm,3898166903,True,0.000653,217,1,2507
32,1,trial_division,2129641313,True,0.001139,14236,0,14234
32,1,pollard_rho,2129641313,True,0.000107,255,8,1020
32,1,pollard_pm1,2129641313,True,0.000452,150,3,1446
32,1,ecm,2129641313,True,0.00063,217,1,2507
32,2,trial_division,2991802327,True,0.001422,17674,0,17672
32,2,pollard_rho,2991802327,True,6.4e-05,127,7,508
32,2,pollard_pm1,2991802327,False,0.000336,50,1,497
32,2,ecm,2991802327,True,0.000653,217,1,2507
32,3,trial_division,2313289679,True,0.001034,12948,0,12946
32,3,pollard_rho,2313289679,True,0.00012,255,54,1066
32,3,pollard_pm1,2313289679,True,0.000556,250,5,2524
32,3,ecm,2313289679,True,0.000638,217,1,2507
32,4,trial_division,2256254821,True,0.000934,11725,0,11723
32,4,pollard_rho,2256254821,True,0.000172,383,13,1664
32,4,pollard_pm1,2256254821,True,0.000551,250,5,2524
32,4,ecm,2256254821,True,0.000706,297,8,3422
32,5,trial_division,2248245079,True,0.001064,13609,0,13607
32,5,pollard_rho,2248245079,True,0.000111,255,8,1020
32,5,pollard_pm1,2248245079,True,0.000635,300,6,3074
32,5,ecm,2248245079,True,0.000651,217,1,2507
32,6,trial_division,2085462839,True,0.000863,10934,0,10932
32,6,pollard_rho,2085462839,True,0.000105,255,8,1020
32,6,pollard_pm1,2085462839,True,0.000498,200,4,1974
32,6,ecm,2085462839,True,0.000624,217,1,2507
32,7,trial_division,2232122027,True,0.000943,11979,0,11977
32,7,pollard_rho,2232122027,True,0.00012,255,63,1075
32,7,pollard_pm1,2232122027,True,0.000361,50,1,497
32,7,ecm,2232122027,True,0.000658,217,1,2507
32,8,trial_division,1574193497,True,0.001013,12785,0,12783
32,8,pollard_rho,1574193497,True,5.7e-05,127,7,508
32,8,pollard_pm1,1574193497,True,0.000353,50,1,497
32,8,ecm,1574193497,True,0.000812,377,2,4387
32,9,trial_division,1947603509,True,0.000933,11818,0,11816
32,9,pollard_rho,1947603509,True,1.3e-05,15,4,60
32,9,pollard_pm1,1947603509,False,0.000364,50,1,497
32,9,ecm,1947603509,True,0.00072,318,10,3663
32,10,trial_division,1311506281,True,0.000917,11676,0,11674
32,10,pollard_rho,1311506281,True,9.6e-05,255,8,1020
32,10,pollard_pm1,1311506281,True,0.000354,50,1,497
32,10,ecm,1311506281,True,0.001206,733,39,8488
32,11,trial_division,2904764189,True,0.001332,17067,0,17065
32,11,pollard_rho,2904764189,True,2e-05,31,5,124
32,11,pollard_pm1,2904764189,True,0.000366,50,1,497
32,11,ecm,2904764189,True,0.000636,217,1,2507
32,12,trial_division,1864478989,True,0.000924,11161,0,11159
32,12,pollard_rho,1864478989,True,0.000105,255,8,1020
32,12,pollard_pm1,1864478989,True,0.000515,200,4,1974
32,12,ecm,1864478989,True,0.001938,1206,7,14106
32,13,trial_division,2360461949,True,0.001171,14971,0,14969
32,13,pollard_rho,2360461949,True,0.000107,255,8,1020
32,13,pollard_pm1,2360461949,False,0.000348,50,1,497
32,13,ecm,2360461949,True,0.002283,1386,8,16206
32,14,trial_division,2450844163,True,0.001045,13258,0,13256
32,14,pollard_rho,2450844163,True,0.00011,255,8,1020
32,14,pollard_pm1,2450844163,True,0.000611,300,6,3074
32,14,ecm,2450844163,True,0.000712,297,8,3422
32,15,trial_division,2553536173,True,0.001203,15179,0,15177
32,15,pollard_rho,2553536173,True,0.000184,383,44,1695
32,15,pollard_pm1,2553536173,True,0.000456,150,3,1446
32,15,ecm,2553536173,True,0.000696,285,7,3285
32,16,trial_division,2056920097,True,0.000875,11052,0,11050
32,16,pollard_rho,2056920097,True,0.000104,255,8,1020
32,16,pollard_pm1,2056920097,True,0.000372,50,1,497
32,16,ecm,2056920097,True,0.000639,217,1,2507
32,17,trial_division,2598162043,True,0.001328,16737,0,16735
32,17,pollard_rho,2598162043,True,0.000122,255,44,1056
32,17,pollard_pm1,2598162043,True,0.000464,150,3,1446
32,17,ecm,2598162043,True,0.000873,377,2,4387
32,18,trial_division,2163727561,True,0.001193,14884,0,14882
32,18,pollard_rho,2163727561,True,0.000121,255,43,1055
32,18,pollard_pm1,2163727561,True,0.00037,50,1,497
32,18,ecm,2163727561,True,0.001488,846,5,9906
32,19,trial_division,1831382717,True,0.000952,11869,0,11867
32,19,pollard_rho,1831382717,True,2.1e-05,31,5,124
32,19,pollard_pm1,1831382717,True,0.000752,400,8,4265
32,19,ecm,1831382717,True,0.000634,217,1,2507
32,20,trial_division,1885085767,True,0.001125,14227,0,14225
32,20,pollard_rho,1885085767,True,5.7e-05,127,7,508
32,20,pollard_pm1,1885085767,True,0.000359,50,1,497
32,20,ecm,1885085767,True,0.000624,217,1,2507
32,21,trial_division,2621756219,True,0.00117,14528,0,14526
32,21,pollard_rho,2621756219,True,0.000114,255,8,1020
32,21,pollard_pm1,2621756219,True,0.000365,50,1,497
32,21,ecm,2621756219,True,0.0018,1026,6,12006
32,22,trial_division,4062360737,True,0.001653,20692,0,20690
32,22,pollard_rho,4062360737,True,0.000116,255,27,1039
32,22,pollard_pm1,4062360737,True,0.000481,150,3,1446
32,22,ecm,4062360737,True,0.000503,242,3,2792
32,23,trial_division,3137649637,True,0.001388,17257,0,17255
32,23,pollard_rho,3137649637,True,3.2e-05,63,6,252
32,23,pollard_pm1,3137649637,False,0.000365,50,1,497
32,23,ecm,3137649637,True,0.000638,217,1,2507
32,24,trial_division,3785309357,True,0.001507,19288,0,19286
32,24,pollard_rho,3785309357,True,0.000112,255,30,1042
32,24,pollard_pm1,3785309357,True,0.001015,650,13,7351
32,24,ecm,3785309357,True,0.000654,217,1,2507
32,25,trial_division,1700909599,True,0.000897,11259,0,11257
32,25,pollard_rho,1700909599,True,0.000107,255,8,1020
32,25,pollard_pm1,1700909599,True,0.000363,50,1,497
32,25,ecm,1700909599,True,0.001213,683,4,7993
32,26,trial_division,1620077279,True,0.001018,13125,0,13123
32,26,pollard_rho,1620077279,True,0.000101,255,8,1020
32,26,pollard_pm1,1620077279,False,0.000348,50,1,497
32,26,ecm,1620077279,True,0.001207,683,4,7993
32,27,trial_division,2729158283,True,0.00113,14168,0,14166
32,27,pollard_rho,2729158283,True,6.1e-05,127,7,508
32,27,pollard_pm1,2729158283,True,0.000411,100,2,946
32,27,ecm,2729158283,True,0.001552,921,46,10706
32,28,trial_division,3009476251,True,0.001385,16684,0,16682
32,28,pollard_rho,3009476251,True,0.000119,255,20,1032
32,28,pollard_pm1,3009476251,True,0.000412,100,2,946
32,28,ecm,3009476251,True,0.000673,217,1,2507
32,29,trial_division,2454185819,True,0.001017,12819,0,12817
32,29,pollard_rho,2454185819,True,6.3e-05,127,7,508
32,29,pollard_pm1,2454185819,True,0.000507,200,4,1974
32,29,ecm,2454185819,True,0.001775,1026,6,12006
32,30,trial_division,1941037409,True,0.000981,12511,0,12509
32,30,pollard_rho,1941037409,True,0.000117,255,10,1022
32,30,pollard_pm1,1941037409,True,0.000398,100,2,946
32,30,ecm,1941037409,True,0.000629,217,1,2507
32,31,trial_division,1495290397,True,0.000935,11869,0,11867
32,31,pollard_rho,1495290397,True,5.3e-05,127,7,508
32,31,pollard_pm1,1495290397,True,0.000358,50,1,497
32,31,ecm,1495290397,True,0.000594,217,1,2507
32,32,trial_division,2778926473,True,0.001203,15257,0,15255
32,32,pollard_rho,2778926473,True,0.000115,255,8,1020
32,32,pollard_pm1,2778926473,True,0.000423,100,2,946
32,32,ecm,2778926473,True,0.001092,523,3,6113
32,33,trial_division,3701153173,True,0.001513,19231,0,19229
32,33,pollard_rho,3701153173,True,6e-05,127,7,508
32,33,pollard_pm1,3701153173,True,0.000409,100,2,946
32,33,ecm,3701153173,True,0.001519,846,5,9906
32,34,trial_division,1659942013,True,0.000904,11578,0,11576
32,34,pollard_rho,1659942013,True,0.000118,255,8,1020
32,34,pollard_pm1,1659942013,True,0.000437,150,3,1446
32,34,ecm,1659942013,True,0.000619,217,1,2507
32,35,trial_division,2262437729,True,0.001139,14289,0,14287
32,35,pollard_rho,2262437729,True,2e-05,31,5,124
32,35,pollard_pm1,2262437729,True,0.000405,100,2,946
32,35,ecm,2262437729,True,0.000634,217,1,2507
32,36,trial_division,2968785683,True,0.001373,17257,0,17255
32,36,pollard_rho,2968785683,True,0.000115,255,8,1020
32,36,pollard_pm1,2968785683,False,0.000365,50,1,497
32,36,ecm,2968785683,True,0.001344,683,4,7993
32,37,trial_division,2441398213,True,0.001059,13278,0,13276
32,37,pollard_rho,2441398213,True,0.000121,255,44,1056
32,37,pollard_pm1,2441398213,True,0.000555,250,5,2524
32,37,ecm,2441398213,True,0.000727,285,7,3285
32,38,trial_division,1945529941,True,0.001042,12904,0,12902
32,38,pollard_rho,1945529941,True,5.9e-05,127,7,508
32,38,pollard_pm1,1945529941,True,0.001184,850,17,9951
32,38,ecm,1945529941,True,0.000638,217,1,2507
32,39,trial_division,1998534383,True,0.001133,14109,0,14107
32,39,pollard_rho,1998534383,True,0.000111,255,8,1020
32,39,pollard_pm1,1998534383,True,0.000445,150,3,1446
32,39,ecm,1998534383,True,0.000643,217,1,2507
32,40,trial_division,3147705109,True,0.00134,16648,0,16646
32,40,pollard_rho,3147705109,True,0.000178,383,18,1669
32,40,pollard_pm1,3147705109,False,0.000363,50,1,497
32,40,ecm,3147705109,True,0.001188,630,25,7285
32,41,trial_division,2380660109,True,0.001166,14551,0,14549
32,41,pollard_rho,2380660109,True,0.000108,255,8,1020
32,41,pollard_pm1,2380660109,False,0.00035,50,1,497
32,41,ecm,2380660109,True,0.000734,309,9,3559
32,42,trial_division,2369625997,True,0.001314,16182,0,16180
32,42,pollard_rho,2369625997,True,0.000131,255,8,1020
32,42,pollard_pm1,2369625997,True,0.000369,50,1,497
32,42,ecm,2369625997,True,0.000632,253,4,2918
32,43,trial_division,2267623789,True,0.001182,14674,0,14672
32,43,pollard_rho,2267623789,True,0.000187,383,62,1713
32,43,pollard_pm1,2267623789,False,0.000352,50,1,497
32,43,ecm,2267623789,True,0.000859,377,2,4387
32,44,trial_division,2160758659,True,0.001154,14347,0,14345
32,44,pollard_rho,2160758659,True,3.4e-05,63,6,252
32,44,pollard_pm1,2160758659,True,0.000361,50,1,497
32,44,ecm,2160758659,True,0.000641,217,1,2507
32,45,trial_division,1383830389,True,0.000915,11396,0,11394
32,45,pollard_rho,1383830389,True,5.3e-05,127,7,508
32,45,pollard_pm1,1383830389,False,0.000358,50,1,497
32,45,ecm,1383830389,True,0.000628,253,4,2918
32,46,trial_division,2485386863,True,0.00119,14244,0,14242
32,46,pollard_rho,2485386863,True,6.6e-05,127,7,508
32,46,pollard_pm1,2485386863,True,0.00047,150,3,1446
32,46,ecm,2485386863,True,0.001534,683,4,7993
32,47,trial_division,3026043079,True,0.001364,16548,0,16546
32,47,pollard_rho,3026043079,True,7.8e-05,127,52,553
32,47,pollard_pm1,3026043079,True,0.000376,50,1,497
32,47,ecm,3026043079,True,0.000622,274,6,3159
32,48,trial_division,2213045251,True,0.001098,13805,0,13803
32,48,pollard_rho,2213045251,True,0.00011,255,8,1020
32,48,pollard_pm1,2213045251,False,0.000358,50,1,497
32,48,ecm,2213045251,True,0.003367,2174,12,25354
32,49,trial_division,1749514913,True,0.00086,11018,0,11016
32,49,pollard_rho,1749514913,True,0.000107,255,8,1020
32,49,pollard_pm1,1749514913,True,0.000357,50,1,497
32,49,ecm,1749514913,True,0.001671,1026,6,12006
